pos,via,civico,denominazione,amministratore,unita,cluster,lat,lon
7.0,PIAZZA NICOLO' DI MANIAGO,2,BORGO CORICAMA,Lorena Castellan,9.0,Zona 1 - Comune NE,46.17005,12.712111
8.0,PIAZZA NICOLO' DI MANIAGO,5,,,6.0,Zona 1 - Comune NE,46.17005,12.712111
9.0,PIAZZA NICOLO' DI MANIAGO,8,,,6.0,Zona 1 - Comune NE,46.17005,12.712111
10.0,PIAZZA NICOLO' DI MANIAGO,11,,,7.0,Zona 1 - Comune NE,46.17005,12.712111
11.0,PIAZZA NICOLO' DI MANIAGO,16,,,11.0,Zona 1 - Comune NE,46.17005,12.712111
12.0,PIAZZA NICOLO' DI MANIAGO,19,,,13.0,Zona 1 - Comune NE,46.17005,12.712111
13.0,PIAZZA NICOLO' DI MANIAGO,22,,,10.0,Zona 1 - Comune NE,46.17005,12.712111
14.0,PIAZZA NICOLO' DI MANIAGO,28,,,11.0,Zona 1 - Comune NE,46.17005,12.712111
15.0,PIAZZA NICOLO' DI MANIAGO,31,,,9.0,Zona 1 - Comune NE,46.17005,12.712111
17.0,VIA ALESSANDRO MANZONI,11,RESIDENZA MANZONI,BI ESSE DATA S.A.S di Bortuzzo Alessandra,13.0,Zona 4 - Centro,46.168211235294116,12.701961705882352
18.0,VIA ALESSANDRO MANZONI,11,,,15.0,Zona 4 - Centro,46.168211235294116,12.701961705882352
19.0,VIA ALESSANDRO MANZONI,13,,,1.0,Zona 4 - Centro,46.168211235294116,12.701961705882352
20.0,VIA ALESSANDRO MANZONI,13,,,1.0,Zona 4 - Centro,46.168211235294116,12.701961705882352
21.0,VIA ALESSANDRO MANZONI,13,,,18.0,Zona 4 - Centro,46.168211235294116,12.701961705882352
22.0,VIA ALESSANDRO MANZONI,13,,,1.0,Zona 4 - Centro,46.168211235294116,12.701961705882352
23.0,VIA ALESSANDRO MANZONI,13,,,1.0,Zona 4 - Centro,46.168211235294116,12.701961705882352
44.0,VIA CATERINA PERCOTO,26,PERCOTO,BI ESSE DATA S.A.S di Bortuzzo Alessandra,8.0,Zona 3 - Sud,46.16366438888889,12.709550944444445
45.0,VIA CATERINA PERCOTO,28,,,4.0,Zona 3 - Sud,46.16366438888889,12.709550944444445
46.0,VIA CATERINA PERCOTO,30,,,4.0,Zona 3 - Sud,46.16366438888889,12.709550944444445
47.0,VIA CATERINA PERCOTO,33,,,8.0,Zona 3 - Sud,46.16366438888889,12.709550944444445
48.0,VIA CATERINA PERCOTO,35,PARCO VERDE 2??,,8.0,Zona 3 - Sud,46.16366438888889,12.709550944444445
49.0,VIA CATERINA PERCOTO,37,,,8.0,Zona 3 - Sud,46.16366438888889,12.709550944444445
50.0,VIA CATERINA PERCOTO,39,PARCO VERDE 1,Lorena Castellan,8.0,Zona 3 - Sud,46.16366438888889,12.709550944444445
51.0,VIA CATERINA PERCOTO,41,,,8.0,Zona 3 - Sud,46.16366438888889,12.709550944444445
52.0,VIA CATERINA PERCOTO,43,,,8.0,Zona 3 - Sud,46.16366438888889,12.709550944444445
59.0,VIA CIVIDALE,3,,,12.0,Zona 4 - Centro,46.165932999999995,12.702844666666666
60.0,VIA CIVIDALE,5,,,5.0,Zona 4 - Centro,46.165932999999995,12.702844666666666
62.0,VIA COLLE,4,VIA COLLE SAN FRANCESCO,Lorena Castellan,7.0,Zona 1 - Comune NE,46.174219199999996,12.712154250000001
63.0,VIA COLLE,6,,,17.0,Zona 1 - Comune NE,46.174219199999996,12.712154250000001
64.0,VIA COLLE,6,,,4.0,Zona 1 - Comune NE,46.174219199999996,12.712154250000001
65.0,VIA COLVERA,37,ATER VIA COLVERA 37,A.T.E.R.,1.0,Zona 1 - Comune NE,46.17492955555556,12.710076888888889
67.0,VIA COLVERA,37,,,2.0,Zona 1 - Comune NE,46.17492955555556,12.710076888888889
68.0,VIA COLVERA,37,,,6.0,Zona 1 - Comune NE,46.17492955555556,12.710076888888889
71.0,VIA DANIELE MANIN,17,CONDOMINIO MANIN,Alessandro Masutti,6.0,Zona 3 - Sud,46.16264666666667,12.709314999999998
72.0,VIA DANIELE MANIN,17,,,8.0,Zona 3 - Sud,46.16264666666667,12.709314999999998
73.0,VIA DANTE ALIGHIERI,13,,,7.0,Zona 4 - Centro,46.16707608695652,12.706681826086959
74.0,VIA DANTE ALIGHIERI,17,,,4.0,Zona 4 - Centro,46.16707608695652,12.706681826086959
75.0,VIA DANTE ALIGHIERI,32,DANTE,P.i SANTIN Graziano??,21.0,Zona 4 - Centro,46.16707608695652,12.706681826086959
76.0,VIA DANTE ALIGHIERI,42,,,20.0,Zona 4 - Centro,46.16707608695652,12.706681826086959
92.0,VIA EDMONDO DE AMICIS,7,DE AMICIS,Adolfo Del Vecchio,18.0,Zona 4 - Centro,46.16811775,12.70511425
94.0,VIA EUGENIO MONTALE,1,condominio Primavera,Progetto Casa di Tollon Andrea,9.0,Zona 2 - Ex Bioman,46.16162666666667,12.705408999999998
95.0,VIA EUGENIO MONTALE,3,,,9.0,Zona 2 - Ex Bioman,46.16162666666667,12.705408999999998
97.0,VIA FABIO DI MANIAGO,15,MADDALENA,Progetto Casa di Tollon Andrea,12.0,Zona 1 - Comune NE,46.171118,12.70933
98.0,VIA FABIO DI MANIAGO,19,,,6.0,Zona 1 - Comune NE,46.171118,12.70933
99.0,VIA FABIO DI MANIAGO,23,,,13.0,Zona 1 - Comune NE,46.171118,12.70933
123.0,VIA LEONARDO DA VINCI,6,LE BETULLE,,6.0,Zona 4 - Centro,46.167979,12.7076675
124.0,VIA LEONARDO DA VINCI,8,,,6.0,Zona 4 - Centro,46.167979,12.7076675
125.0,VIA LEONARDO DA VINCI,10,,,6.0,Zona 4 - Centro,46.167979,12.7076675
126.0,VIA LEONARDO DA VINCI,12,,,6.0,Zona 4 - Centro,46.167979,12.7076675
158.0,VIA ROMA,27,BORANGA,Progetto Casa di Tollon Andrea,8.0,Zona 1 - Comune NE,46.17206625,12.7082245
159.0,VIA ROMA,27,,,4.0,Zona 1 - Comune NE,46.17206625,12.7082245
160.0,VIA ROMA,35,TITO PIAZZA,BI ESSE DATA S.A.S di Bortuzzo Alessandra,21.0,Zona 1 - Comune NE,46.17206625,12.7082245
161.0,VIA ROMA,47,CORTE MAGGIORE,Lorena Castellan,6.0,Zona 1 - Comune NE,46.17206625,12.7082245
162.0,VIA ROMA,47,CORTE MAGGIORE,,9.0,Zona 1 - Comune NE,46.17206625,12.7082245
163.0,VIA ROMA,47,CORTE MAGGIORE,,12.0,Zona 1 - Comune NE,46.17206625,12.7082245
218.0,VIA UNITA' D'ITALIA,18,SIM,TRONCI Edoardo ??,50.0,Zona 1 - Comune NE,46.1720663125,12.7149230625
